Origin,Destination,Road Distance,Road Time,Taxi Fare,Air Distance (km),Flight Cost,Train Time,Sleeper Fare,AC Fare
DELHI,MUMBAI,1384,22 hours 49 mins,3500,1148.09,7240,22h 57m,574,1378
DELHI,BANGALORE,2126,1 day 11 hours,5000,1739.8,10199,34h 47m,870,2088
DELHI,CHENNAI,2338,1 day 13 hours,5000,1755.8,10279,35h 6m,878,2107
DELHI,HYDRABAD,1710,1 day 3 hours,4500,1255.39,7777,25h 6m,628,1506
DELHI,KOLKATA,1471,1 day 1 hour,3500,1303.83,8019,26h 4m,652,1565
DELHI,AHMEDABAD,972,15 hours 2 mins,2000,775.71,6154,15h 30m,388,931
DELHI,PUNE,1381,23 hours 50 mins,3500,1172.99,7365,23h 27m,586,1408
DELHI,LUCKNOW,533,7 hours 12 mins,2000,416.99,4836,8h 20m,208,500
DELHI,JAIPUR,296,4 hours 36 mins,1000,235.29,3382,4h 42m,118,282
DELHI,KOCHI,2576,1 day 20 hours,5000,2079.74,11899,41h 35m,1040,2496
DELHI,GOA,1908,1 day 8 hours,4500,1514.09,9070,30h 16m,757,1817
DELHI,THIRUVANANTHAPURAM,2852,1 day 23 hours,5000,2234.07,12670,44h 40m,1117,2681
DELHI,CHANDIGARH,261,4 hours 42 mins,1000,239.29,3414,4h 47m,120,287
DELHI,BHOPAL,764,12 hours 36 mins,2000,595.69,5074,11h 54m,298,715
DELHI,PATNA,1040,15 hours 25 mins,3500,853.35,6620,17h 4m,427,1024
DELHI,GUWAHATI,1930,1 day 9 hours,4500,1459.45,8797,29h 11m,730,1751
DELHI,RAIPUR,1227,20 hours 54 mins,3500,931.9,7091,18h 38m,466,1118
DELHI,RANCHI,1215,20 hours 19 mins,3500,999.01,7494,19h 58m,500,1199
DELHI,VARANASI,799,12 hours 0 mins,2000,678.64,5572,13h 34m,339,814
DELHI,SRINAGAR,805,15 hours 26 mins,2000,649.84,5399,12h 59m,325,780
DELHI,UDAIPUR,718,10 hours 51 mins,2000,566.94,4902,11h 20m,283,680
DELHI,NAGPUR,1209,18 hours 1 min,3500,851.73,6610,17h 2m,426,1022
DELHI,GWALIOR,339,5 hours 43 mins,1000,283.19,3765,5h 39m,142,340
DELHI,VIJAYAWADA,1983,1 day 7 hours,4500,1391.6,8458,27h 49m,696,1670
DELHI,VISAKHAPATNAM,1819,1 day 9 hours,4500,1360.88,8304,27h 13m,680,1633
DELHI,JABALPUR,937,13 hours 47 mins,2000,664.8,5489,13h 17m,332,798
DELHI,RAJKOT,1189,18 hours 40 mins,3500,951.45,7209,19h 1m,476,1142
DELHI,SILIGURI,1482,23 hours 51 mins,3500,1115.7,7078,22h 18m,558,1339
DELHI,TIRUPATI,2298,1 day 12 hours,5000,1681.83,9909,33h 38m,841,2018
MUMBAI,DELHI,1386,22 hours 48 mins,3500,1148.09,7240,22h 57m,574,1378
MUMBAI,BANGALORE,987,17 hours 37 mins,2000,845.32,6572,16h 54m,423,1014
MUMBAI,CHENNAI,1310,23 hours 24 mins,3500,1033.1,6665,20h 39m,517,1240
MUMBAI,HYDRABAD,706,12 hours 58 mins,2000,621.46,5229,12h 25m,311,746
MUMBAI,KOLKATA,1886,1 day 9 hours,4500,1654.84,9774,33h 5m,827,1986
MUMBAI,AHMEDABAD,523,9 hours 32 mins,2000,439.98,5020,8h 47m,220,528
MUMBAI,PUNE,148,2 hours 56 mins,500,120.15,2461,2h 24m,60,144
MUMBAI,LUCKNOW,1563,1 day 1 hour,4500,1194.67,7473,23h 53m,597,1434
MUMBAI,JAIPUR,1169,19 hours 48 mins,3500,920.74,7024,18h 24m,460,1105
MUMBAI,KOCHI,1436,1 day 3 hours,3500,1080.19,6901,21h 36m,540,1296
MUMBAI,GOA,589,11 hours 48 mins,2000,440.32,5023,8h 48m,220,528
MUMBAI,THIRUVANANTHAPURAM,1712,1 day 6 hours,4500,1252.25,7761,25h 2m,626,1503
MUMBAI,CHANDIGARH,1654,1 day 3 hours,4500,1354.32,8272,27h 5m,677,1625
MUMBAI,BHOPAL,776,14 hours 48 mins,2000,661.36,5468,13h 13m,331,794
MUMBAI,PATNA,1729,1 day 3 hours,4500,1453.23,8766,29h 3m,727,1744
MUMBAI,GUWAHATI,2625,1 day 21 hours,5000,2086.34,11932,41h 43m,1043,2504
MUMBAI,RAIPUR,1050,15 hours 47 mins,3500,944.83,7169,18h 53m,472,1134
MUMBAI,RANCHI,1667,1 day 3 hours,4500,1372.62,8363,27h 27m,686,1647
MUMBAI,VARANASI,1497,22 hours 19 mins,3500,1249.05,7745,24h 58m,625,1499
MUMBAI,SRINAGAR,2052,1 day 13 hours,5000,1679.55,9898,33h 35m,840,2015
MUMBAI,UDAIPUR,768,13 hours 36 mins,2000,618.64,5212,12h 22m,309,742
MUMBAI,NAGPUR,770,10 hours 14 mins,2000,688.02,5628,13h 45m,344,826
MUMBAI,GWALIOR,1087,19 hours 42 mins,3500,962.55,7275,19h 15m,481,1155
MUMBAI,VIJAYAWADA,992,17 hours 16 mins,2000,870.77,6725,17h 24m,435,1045
MUMBAI,VISAKHAPATNAM,1334,23 hours 12 mins,3500,1101.88,7009,22h 2m,551,1322
MUMBAI,JABALPUR,1046,14 hours 39 mins,3500,866.95,6702,17h 20m,433,1040
MUMBAI,RAJKOT,692,12 hours 10 mins,2000,418.84,4851,8h 22m,209,503
MUMBAI,SILIGURI,2177,1 day 12 hours,5000,1792.41,10462,35h 50m,896,2151
MUMBAI,TIRUPATI,1233,21 hours 5 mins,3500,923.86,7043,18h 28m,462,1109
BANGALORE,DELHI,2129,1 day 11 hours,5000,1739.8,10199,34h 47m,870,2088
BANGALORE,MUMBAI,982,17 hours 12 mins,2000,845.32,6572,16h 54m,423,1014
BANGALORE,CHENNAI,325,6 hours 54 mins,1000,290.17,3821,5h 48m,145,348
BANGALORE,HYDRABAD,574,9 hours 27 mins,2000,499.99,5500,9h 59m,250,600
BANGALORE,KOLKATA,1873,1 day 9 hours,4500,1560.7,9303,31h 12m,780,1873
BANGALORE,AHMEDABAD,1561,1 day 2 hours,4500,1237.04,7685,24h 44m,619,1484
BANGALORE,PUNE,839,14 hours 57 mins,2000,735.23,5911,14h 42m,368,882
BANGALORE,LUCKNOW,1886,1 day 8 hours,4500,1581.87,9409,31h 38m,791,1898
BANGALORE,JAIPUR,1920,1 day 8 hours,4500,1561.54,9308,31h 13m,781,1874
BANGALORE,KOCHI,531,10 hours 37 mins,2000,367.72,4442,7h 21m,184,441
BANGALORE,GOA,562,10 hours 12 mins,2000,454.99,5140,9h 5m,227,546
BANGALORE,THIRUVANANTHAPURAM,720,13 hours 1 min,2000,499.73,5498,9h 59m,250,600
BANGALORE,CHANDIGARH,2398,1 day 15 hours,5000,1976.78,11384,39h 32m,988,2372
BANGALORE,BHOPAL,1441,23 hours 42 mins,3500,1144.17,7221,22h 53m,572,1373
BANGALORE,PATNA,2053,1 day 10 hours,5000,1610.33,9552,32h 12m,805,1932
BANGALORE,GUWAHATI,2948,2 days 4 hours,5000,2080.02,11900,41h 36m,1040,2496
BANGALORE,RAIPUR,1358,22 hours 59 mins,3500,1015.43,6577,20h 18m,508,1219
BANGALORE,RANCHI,1941,1 day 10 hours,4500,1411.46,8557,28h 13m,706,1694
BANGALORE,VARANASI,1820,1 day 6 hours,4500,1483.98,8920,29h 40m,742,1781
BANGALORE,SRINAGAR,2938,2 days 1 hour,5000,2364.51,13323,47h 17m,1182,2837
BANGALORE,UDAIPUR,1666,1 day 5 hours,4500,1354.24,8271,27h 5m,677,1625
BANGALORE,NAGPUR,1092,17 hours 33 mins,3500,922.66,7036,18h 27m,461,1107
BANGALORE,GWALIOR,1830,1 day 7 hours,4500,1474.25,8871,29h 29m,737,1769
BANGALORE,VIJAYAWADA,659,10 hours 58 mins,2000,512.1,4573,10h 14m,256,615
BANGALORE,VISAKHAPATNAM,1003,17 hours 5 mins,3500,798.97,6294,15h 58m,399,959
BANGALORE,JABALPUR,1370,22 hours 0 mins,3500,1163,7315,23h 15m,582,1396
BANGALORE,RAJKOT,1730,1 day 5 hours,4500,1262.28,7811,25h 14m,631,1515
BANGALORE,SILIGURI,2500,1 day 19 hours,5000,1890.97,10955,37h 49m,945,2269
BANGALORE,TIRUPATI,248,4 hours 34 mins,1000,210.53,3184,4h 12m,105,253
CHENNAI,DELHI,2333,1 day 13 hours,5000,1755.8,10279,35h 6m,878,2107
CHENNAI,MUMBAI,1307,23 hours 3 mins,3500,1033.1,6665,20h 39m,517,1240
CHENNAI,BANGALORE,324,7 hours 1 min,1000,290.17,3821,5h 48m,145,348
CHENNAI,HYDRABAD,630,11 hours 29 mins,2000,515.24,4591,10h 18m,258,618
CHENNAI,KOLKATA,1667,1 day 5 hours,4500,1358.36,8292,27h 10m,679,1630
CHENNAI,AHMEDABAD,1820,1 day 7 hours,4500,1371.81,8359,27h 26m,686,1646
CHENNAI,PUNE,1199,21 hours 1 min,3500,914.36,6986,18h 17m,457,1097
CHENNAI,LUCKNOW,1918,1 day 9 hours,4500,1532.1,9161,30h 38m,766,1839
CHENNAI,JAIPUR,2051,1 day 11 hours,5000,1607.1,9535,32h 8m,804,1929
CHENNAI,KOCHI,691,12 hours 45 mins,2000,559.49,4857,11h 11m,280,671
CHENNAI,GOA,887,16 hours 4 mins,2000,706.92,5741,14h 8m,353,848
CHENNAI,THIRUVANANTHAPURAM,779,13 hours 31 mins,2000,624.08,5244,12h 28m,312,749
CHENNAI,CHANDIGARH,2582,1 day 17 hours,5000,1995.05,11475,39h 54m,998,2394
CHENNAI,BHOPAL,1473,1 day 1 hour,3500,1171.11,7356,23h 25m,586,1405
CHENNAI,PATNA,2085,1 day 12 hours,5000,1481.47,8907,29h 37m,741,1778
CHENNAI,GUWAHATI,2671,2 days 2 hours,5000,1882.16,10911,37h 38m,941,2259
CHENNAI,RAIPUR,1194,22 hours 24 mins,3500,919.7,7018,18h 23m,460,1104
CHENNAI,RANCHI,1735,1 day 6 hours,4500,1258.63,7793,25h 10m,629,1510
CHENNAI,VARANASI,1853,1 day 7 hours,4500,1389.61,8448,27h 47m,695,1668
CHENNAI,SRINAGAR,3126,2 days 4 hours,5000,2399.74,13499,47h 59m,1200,2880
CHENNAI,UDAIPUR,1925,1 day 10 hours,4500,1452.62,8763,29h 3m,726,1743
CHENNAI,NAGPUR,1124,19 hours 3 mins,3500,905.32,6932,18h 6m,453,1086
CHENNAI,GWALIOR,1862,1 day 8 hours,4500,1476.79,8884,29h 32m,738,1772
CHENNAI,VIJAYAWADA,453,7 hours 41 mins,1000,382.83,4563,7h 39m,191,459
CHENNAI,VISAKHAPATNAM,797,13 hours 49 mins,2000,601.59,5110,12h 1m,301,722
CHENNAI,JABALPUR,1402,23 hours 29 mins,3500,1123.34,7117,22h 28m,562,1348
CHENNAI,RAJKOT,1989,1 day 10 hours,4500,1433.32,8667,28h 39m,717,1720
CHENNAI,SILIGURI,2223,1 day 17 hours,5000,1729.6,10148,34h 35m,865,2076
CHENNAI,TIRUPATI,133,3 hours 23 mins,500,110.33,2383,2h 12m,55,132
HYDRABAD,DELHI,1706,1 day 3 hours,4500,1255.39,7777,25h 6m,628,1506
HYDRABAD,MUMBAI,709,13 hours 8 mins,2000,621.46,5229,12h 25m,311,746
HYDRABAD,BANGALORE,574,9 hours 33 mins,2000,499.99,5500,9h 59m,250,600
HYDRABAD,CHENNAI,631,11 hours 27 mins,2000,515.24,4591,10h 18m,258,618
HYDRABAD,KOLKATA,1489,1 day 3 hours,3500,1181.88,7409,23h 38m,591,1418
HYDRABAD,AHMEDABAD,1181,20 hours 24 mins,3500,879.5,6777,17h 35m,440,1055
HYDRABAD,PUNE,560,10 hours 21 mins,2000,505.75,4535,10h 6m,253,607
HYDRABAD,LUCKNOW,1291,23 hours 6 mins,3500,1082.07,6910,21h 38m,541,1298
HYDRABAD,JAIPUR,1424,1 day 1 hour,3500,1095.15,6976,21h 54m,548,1314
HYDRABAD,KOCHI,1116,19 hours 53 mins,3500,862.76,6677,17h 15m,431,1035
HYDRABAD,GOA,672,13 hours 49 mins,2000,520.05,4620,10h 24m,260,624
HYDRABAD,THIRUVANANTHAPURAM,1304,22 hours 17 mins,3500,999.47,7497,19h 59m,500,1199
HYDRABAD,CHANDIGARH,1955,1 day 7 hours,4500,1494.28,8971,29h 53m,747,1793
HYDRABAD,BHOPAL,847,14 hours 49 mins,2000,662.78,5477,13h 15m,331,795
HYDRABAD,PATNA,1458,1 day 2 hours,3500,1142.58,7213,22h 51m,571,1371
HYDRABAD,GUWAHATI,2354,1 day 19 hours,5000,1677.58,9888,33h 33m,839,2013
HYDRABAD,RAIPUR,710,14 hours 10 mins,2000,541.79,4751,10h 50m,271,650
HYDRABAD,RANCHI,1268,1 day 1 hour,3500,971.72,7330,19h 26m,486,1166
HYDRABAD,VARANASI,1226,20 hours 47 mins,3500,996.73,7480,19h 56m,498,1196
HYDRABAD,SRINAGAR,2500,1 day 18 hours,5000,1892.79,10964,37h 51m,946,2271
HYDRABAD,UDAIPUR,1286,23 hours 19 mins,3500,941.4,7148,18h 49m,471,1130
HYDRABAD,NAGPUR,498,8 hours 40 mins,1000,422.92,4883,8h 27m,211,508
HYDRABAD,GWALIOR,1235,21 hours 47 mins,3500,982.72,7396,19h 39m,491,1179
HYDRABAD,VIJAYAWADA,277,5 hours 4 mins,1000,249.79,3498,4h 59m,125,300
HYDRABAD,VISAKHAPATNAM,619,11 hours 0 mins,2000,502.81,4517,10h 3m,251,603
HYDRABAD,JABALPUR,775,13 hours 6 mins,2000,663.23,5479,13h 15m,332,796
HYDRABAD,RAJKOT,1351,23 hours 2 mins,3500,971.85,7331,19h 26m,486,1166
HYDRABAD,SILIGURI,1906,1 day 10 hours,4500,1447.01,8735,28h 56m,724,1736
HYDRABAD,TIRUPATI,559,9 hours 54 mins,2000,429.45,4936,8h 35m,215,515
KOLKATA,DELHI,1470,1 day 2 hours,3500,1303.83,8019,26h 4m,652,1565
KOLKATA,MUMBAI,1880,1 day 9 hours,4500,1654.84,9774,33h 5m,827,1986
KOLKATA,BANGALORE,1874,1 day 9 hours,4500,1560.7,9303,31h 12m,780,1873
KOLKATA,CHENNAI,1670,1 day 5 hours,4500,1358.36,8292,27h 10m,679,1630
KOLKATA,HYDRABAD,1491,1 day 3 hours,3500,1181.88,7409,23h 38m,591,1418
KOLKATA,AHMEDABAD,2002,1 day 11 hours,5000,1618.86,9594,32h 22m,809,1943
KOLKATA,PUNE,1869,1 day 9 hours,4500,1575.38,9377,31h 30m,788,1890
KOLKATA,LUCKNOW,1005,18 hours 31 mins,3500,886.98,6822,17h 44m,443,1064
KOLKATA,JAIPUR,1512,1 day 3 hours,4500,1357.77,8289,27h 9m,679,1629
KOLKATA,KOCHI,2303,1 day 16 hours,5000,1906.42,11032,38h 7m,953,2288
KOLKATA,GOA,2146,1 day 15 hours,5000,1700.57,10003,34h 0m,850,2041
KOLKATA,THIRUVANANTHAPURAM,2439,1 day 18 hours,5000,1982.21,11411,39h 38m,991,2379
KOLKATA,CHANDIGARH,1718,1 day 6 hours,4500,1464.23,8821,29h 17m,732,1757
KOLKATA,BHOPAL,1423,1 day 1 hour,3500,1123.95,7120,22h 28m,562,1349
KOLKATA,PATNA,583,11 hours 14 mins,2000,469.15,5253,9h 22m,235,563
KOLKATA,GUWAHATI,1015,21 hours 30 mins,3500,523.81,4643,10h 28m,262,629
KOLKATA,RAIPUR,832,17 hours 1 min,2000,710.01,5760,14h 12m,355,852
KOLKATA,RANCHI,402,7 hours 46 mins,1000,324.27,4094,6h 29m,162,389
KOLKATA,VARANASI,683,13 hours 45 mins,2000,626.96,5262,12h 32m,313,752
KOLKATA,SRINAGAR,2263,1 day 17 hours,5000,1840.82,10704,36h 48m,920,2209
KOLKATA,UDAIPUR,1800,1 day 7 hours,4500,1509.06,9045,30h 10m,755,1811
KOLKATA,NAGPUR,1116,22 hours 45 mins,3500,970.13,7321,19h 24m,485,1164
KOLKATA,GWALIOR,1261,23 hours 41 mins,3500,1107.37,7037,22h 8m,554,1329
KOLKATA,VIJAYAWADA,1215,21 hours 41 mins,3500,1052.54,6763,21h 3m,526,1263
KOLKATA,VISAKHAPATNAM,886,16 hours 33 mins,2000,763.84,6083,15h 16m,382,917
KOLKATA,JABALPUR,1115,20 hours 28 mins,3500,860.81,6665,17h 12m,430,1033
KOLKATA,RAJKOT,2201,1 day 15 hours,5000,1804.14,10521,36h 4m,902,2165
KOLKATA,SILIGURI,568,12 hours 7 mins,2000,456.85,5155,9h 8m,228,548
KOLKATA,TIRUPATI,1630,1 day 4 hours,4500,1371.21,8356,27h 25m,686,1645
AHMEDABAD,DELHI,915,15 hours 13 mins,2000,775.71,6154,15h 30m,388,931
AHMEDABAD,MUMBAI,521,9 hours 45 mins,2000,439.98,5020,8h 47m,220,528
AHMEDABAD,BANGALORE,1561,1 day 3 hours,4500,1237.04,7685,24h 44m,619,1484
AHMEDABAD,CHENNAI,1823,1 day 7 hours,4500,1371.81,8359,27h 26m,686,1646
AHMEDABAD,HYDRABAD,1182,20 hours 28 mins,3500,879.5,6777,17h 35m,440,1055
AHMEDABAD,KOLKATA,2072,1 day 11 hours,5000,1618.86,9594,32h 22m,809,1943
AHMEDABAD,PUNE,656,12 hours 25 mins,2000,518.13,4609,10h 21m,259,622
AHMEDABAD,LUCKNOW,1170,19 hours 22 mins,3500,945.11,7171,18h 54m,473,1134
AHMEDABAD,JAIPUR,659,10 hours 41 mins,2000,540.47,4743,10h 48m,270,649
AHMEDABAD,KOCHI,2010,1 day 12 hours,5000,1507.8,9039,30h 9m,754,1809
AHMEDABAD,GOA,1097,21 hours 18 mins,3500,874.1,6745,17h 28m,437,1049
AHMEDABAD,THIRUVANANTHAPURAM,2286,1 day 15 hours,5000,1678.02,9890,33h 33m,839,2014
AHMEDABAD,CHANDIGARH,1129,18 hours 10 mins,3500,953.33,7220,19h 4m,477,1144
AHMEDABAD,BHOPAL,579,10 hours 20 mins,2000,495.68,5465,9h 54m,248,595
AHMEDABAD,PATNA,1662,1 day 3 hours,4500,1304.54,8023,26h 5m,652,1565
AHMEDABAD,GUWAHATI,2551,1 day 21 hours,5000,1966.77,11334,39h 20m,983,2360
AHMEDABAD,RAIPUR,1110,21 hours 33 mins,3500,953.35,7220,19h 4m,477,1144
AHMEDABAD,RANCHI,1597,1 day 6 hours,4500,1302.12,8011,26h 2m,651,1563
AHMEDABAD,VARANASI,1400,22 hours 12 mins,3500,1085.37,6927,21h 42m,543,1302
AHMEDABAD,SRINAGAR,1530,1 day 3 hours,4500,1248.9,7745,24h 58m,624,1499
AHMEDABAD,UDAIPUR,257,4 hours 30 mins,1000,208.99,3172,4h 10m,104,251
AHMEDABAD,NAGPUR,834,15 hours 49 mins,2000,703.06,5718,14h 3m,352,844
AHMEDABAD,GWALIOR,871,13 hours 51 mins,2000,669.22,5515,13h 23m,335,803
AHMEDABAD,VIJAYAWADA,1469,1 day 1 hour,3500,1112.71,7064,22h 15m,556,1335
AHMEDABAD,VISAKHAPATNAM,1811,1 day 7 hours,4500,1257.92,7790,25h 9m,629,1510
AHMEDABAD,JABALPUR,890,15 hours 22 mins,2000,758.52,6051,15h 10m,379,910
AHMEDABAD,RAJKOT,215,3 hours 52 mins,1000,198.34,3087,3h 58m,99,238
AHMEDABAD,SILIGURI,2103,1 day 12 hours,5000,1639.8,9699,32h 47m,820,1968
AHMEDABAD,TIRUPATI,1714,1 day 5 hours,4500,1269.61,7848,25h 23m,635,1524
PUNE,DELHI,1384,23 hours 58 mins,3500,1172.99,7365,23h 27m,586,1408
PUNE,MUMBAI,151,2 hours 52 mins,500,120.15,2461,2h 24m,60,144
PUNE,BANGALORE,873,15 hours 28 mins,2000,735.23,5911,14h 42m,368,882
PUNE,CHENNAI,1200,20 hours 49 mins,3500,914.36,6986,18h 17m,457,1097
PUNE,HYDRABAD,559,10 hours 8 mins,2000,505.75,4535,10h 6m,253,607
PUNE,KOLKATA,1877,1 day 9 hours,4500,1575.38,9377,31h 30m,788,1890
PUNE,AHMEDABAD,658,12 hours 8 mins,2000,518.13,4609,10h 21m,259,622
PUNE,LUCKNOW,1554,1 day 1 hour,4500,1176.73,7384,23h 32m,588,1412
PUNE,JAIPUR,1175,21 hours 36 mins,3500,953.87,7223,19h 4m,477,1145
PUNE,KOCHI,1323,1 day 0 hours,3500,989.71,7438,19h 47m,495,1188
PUNE,GOA,459,9 hours 49 mins,1000,359.3,4374,7h 11m,180,431
PUNE,THIRUVANANTHAPURAM,1599,1 day 4 hours,4500,1160.2,7301,23h 12m,580,1392
PUNE,CHANDIGARH,1653,1 day 4 hours,4500,1389.58,8448,27h 47m,695,1667
PUNE,BHOPAL,804,15 hours 40 mins,2000,643.49,5361,12h 52m,322,772
PUNE,PATNA,1720,1 day 3 hours,4500,1402.52,8513,28h 3m,701,1683
PUNE,GUWAHATI,2616,1 day 21 hours,5000,2022.14,11611,40h 26m,1011,2427
PUNE,RAIPUR,1042,16 hours 2 mins,3500,867.48,6705,17h 20m,434,1041
PUNE,RANCHI,1658,1 day 3 hours,4500,1304.11,8021,26h 4m,652,1565
PUNE,VARANASI,1488,22 hours 35 mins,3500,1205.82,7529,24h 6m,603,1447
PUNE,SRINAGAR,2193,1 day 15 hours,5000,1733.07,10165,34h 39m,867,2080
PUNE,UDAIPUR,903,16 hours 13 mins,2000,674.56,5547,13h 29m,337,809
PUNE,NAGPUR,761,10 hours 29 mins,2000,620.14,5221,12h 24m,310,744
PUNE,GWALIOR,1115,20 hours 33 mins,3500,964.42,7287,19h 17m,482,1157
PUNE,VIJAYAWADA,845,14 hours 26 mins,2000,754.1,6025,15h 4m,377,905
PUNE,VISAKHAPATNAM,1188,20 hours 22 mins,3500,993.67,7462,19h 52m,497,1192
PUNE,JABALPUR,1038,14 hours 54 mins,3500,820.95,6426,16h 25m,410,985
PUNE,RAJKOT,827,14 hours 46 mins,2000,527.51,4665,10h 33m,264,633
PUNE,SILIGURI,2168,1 day 12 hours,5000,1738.69,10193,34h 46m,869,2086
PUNE,TIRUPATI,1120,18 hours 55 mins,3500,805.48,6333,16h 6m,403,967
LUCKNOW,DELHI,533,7 hours 15 mins,2000,416.99,4836,8h 20m,208,500
LUCKNOW,MUMBAI,1380,1 day 1 hour,3500,1194.67,7473,23h 53m,597,1434
LUCKNOW,BANGALORE,1877,1 day 8 hours,4500,1581.87,9409,31h 38m,791,1898
LUCKNOW,CHENNAI,1912,1 day 9 hours,4500,1532.1,9161,30h 38m,766,1839
LUCKNOW,HYDRABAD,1284,23 hours 11 mins,3500,1082.07,6910,21h 38m,541,1298
LUCKNOW,KOLKATA,1009,18 hours 33 mins,3500,886.98,6822,17h 44m,443,1064
LUCKNOW,AHMEDABAD,1169,19 hours 8 mins,3500,945.11,7171,18h 54m,473,1134
LUCKNOW,PUNE,1543,1 day 1 hour,4500,1176.73,7384,23h 32m,588,1412
LUCKNOW,JAIPUR,575,8 hours 51 mins,2000,511.68,4570,10h 14m,256,614
LUCKNOW,KOCHI,2418,1 day 18 hours,5000,1944.02,11220,38h 52m,972,2333
LUCKNOW,GOA,1895,1 day 8 hours,4500,1465.34,8827,29h 18m,733,1758
LUCKNOW,THIRUVANANTHAPURAM,2607,1 day 21 hours,5000,2080.7,11904,41h 36m,1040,2497
LUCKNOW,CHANDIGARH,782,11 hours 33 mins,2000,592.89,5057,11h 51m,296,711
LUCKNOW,BHOPAL,718,12 hours 21 mins,2000,534.5,4707,10h 41m,267,641
LUCKNOW,PATNA,502,8 hours 29 mins,2000,440.66,5025,8h 48m,220,529
LUCKNOW,GUWAHATI,1391,1 day 2 hours,3500,1076.28,6881,21h 31m,538,1292
LUCKNOW,RAIPUR,789,16 hours 23 mins,2000,626.02,5256,12h 31m,313,751
LUCKNOW,RANCHI,753,13 hours 57 mins,2000,587.05,5022,11h 44m,294,704
LUCKNOW,VARANASI,312,5 hours 10 mins,1000,264.41,3615,5h 17m,132,317
LUCKNOW,SRINAGAR,1326,22 hours 17 mins,3500,996.92,7482,19h 56m,498,1196
LUCKNOW,UDAIPUR,915,14 hours 58 mins,2000,766.91,6101,15h 20m,383,920
LUCKNOW,NAGPUR,783,14 hours 33 mins,2000,661.38,5468,13h 13m,331,794
LUCKNOW,GWALIOR,338,6 hours 8 mins,1000,283.65,3769,5h 40m,142,340
LUCKNOW,VIJAYAWADA,1557,1 day 3 hours,4500,1150.22,7251,23h 0m,575,1380
LUCKNOW,VISAKHAPATNAM,1381,1 day 5 hours,3500,1044.95,6725,20h 53m,522,1254
LUCKNOW,JABALPUR,511,10 hours 19 mins,2000,418.86,4851,8h 22m,209,503
LUCKNOW,RAJKOT,1364,22 hours 39 mins,3500,1142.81,7214,22h 51m,571,1371
LUCKNOW,SILIGURI,944,16 hours 55 mins,2000,733.07,5898,14h 39m,367,880
LUCKNOW,TIRUPATI,1872,1 day 8 hours,4500,1478.32,8892,29h 33m,739,1774
JAIPUR,DELHI,296,4 hours 39 mins,1000,235.29,3382,4h 42m,118,282
JAIPUR,MUMBAI,1167,20 hours 10 mins,3500,920.74,7024,18h 24m,460,1105
JAIPUR,BANGALORE,1919,1 day 9 hours,4500,1561.54,9308,31h 13m,781,1874
JAIPUR,CHENNAI,2054,1 day 12 hours,5000,1607.1,9535,32h 8m,804,1929
JAIPUR,HYDRABAD,1426,1 day 1 hour,3500,1095.15,6976,21h 54m,548,1314
JAIPUR,KOLKATA,1514,1 day 3 hours,4500,1357.77,8289,27h 9m,679,1629
JAIPUR,AHMEDABAD,658,10 hours 51 mins,2000,540.47,4743,10h 48m,270,649
JAIPUR,PUNE,1174,21 hours 34 mins,3500,953.87,7223,19h 4m,477,1145
JAIPUR,LUCKNOW,576,8 hours 59 mins,2000,511.68,4570,10h 14m,256,614
JAIPUR,KOCHI,2369,1 day 18 hours,5000,1888.9,10944,37h 46m,944,2267
JAIPUR,GOA,1701,1 day 6 hours,4500,1302.74,8014,26h 3m,651,1563
JAIPUR,THIRUVANANTHAPURAM,2645,1 day 21 hours,5000,2048.27,11741,40h 57m,1024,2458
JAIPUR,CHANDIGARH,474,7 hours 54 mins,1000,435.71,4986,8h 42m,218,523
JAIPUR,BHOPAL,578,10 hours 23 mins,2000,437.86,5003,8h 45m,219,525
JAIPUR,PATNA,1084,17 hours 11 mins,3500,943.67,7162,18h 52m,472,1132
JAIPUR,GUWAHATI,1973,1 day 11 hours,4500,1587.96,9440,31h 45m,794,1906
JAIPUR,RAIPUR,1205,22 hours 3 mins,3500,864.57,6687,17h 17m,432,1037
JAIPUR,RANCHI,1258,22 hours 5 mins,3500,1037.07,6685,20h 44m,519,1244
JAIPUR,VARANASI,842,13 hours 46 mins,2000,739,5934,14h 46m,369,887
JAIPUR,SRINAGAR,1015,18 hours 36 mins,3500,803.02,6318,16h 3m,402,964
JAIPUR,UDAIPUR,397,6 hours 34 mins,1000,331.85,4155,6h 38m,166,398
JAIPUR,NAGPUR,928,16 hours 19 mins,2000,723.45,5841,14h 28m,362,868
JAIPUR,GWALIOR,332,6 hours 18 mins,1000,250.43,3503,5h 0m,125,301
JAIPUR,VIJAYAWADA,1700,1 day 5 hours,4500,1260.96,7805,25h 13m,630,1513
JAIPUR,VISAKHAPATNAM,1710,1 day 9 hours,4500,1278.6,7893,25h 34m,639,1534
JAIPUR,JABALPUR,815,15 hours 26 mins,2000,592.39,5054,11h 50m,296,711
JAIPUR,RAJKOT,876,14 hours 29 mins,2000,718.56,5811,14h 22m,359,862
JAIPUR,SILIGURI,1525,1 day 2 hours,4500,1244.53,7723,24h 53m,622,1493
JAIPUR,TIRUPATI,1896,1 day 10 hours,4500,1524.58,9123,30h 29m,762,1829
KOCHI,DELHI,2580,1 day 20 hours,5000,2079.74,11899,41h 35m,1040,2496
KOCHI,MUMBAI,1433,1 day 2 hours,3500,1080.19,6901,21h 36m,540,1296
KOCHI,BANGALORE,531,10 hours 29 mins,2000,367.72,4442,7h 21m,184,441
KOCHI,CHENNAI,691,12 hours 38 mins,2000,559.49,4857,11h 11m,280,671
KOCHI,HYDRABAD,1139,19 hours 38 mins,3500,862.76,6677,17h 15m,431,1035
KOCHI,KOLKATA,2306,1 day 16 hours,5000,1906.42,11032,38h 7m,953,2288
KOCHI,AHMEDABAD,2012,1 day 11 hours,5000,1507.8,9039,30h 9m,754,1809
KOCHI,PUNE,1290,1 day 0 hours,3500,989.71,7438,19h 47m,495,1188
KOCHI,LUCKNOW,2451,1 day 18 hours,5000,1944.02,11220,38h 52m,972,2333
KOCHI,JAIPUR,2371,1 day 17 hours,5000,1888.9,10944,37h 46m,944,2267
KOCHI,GOA,757,17 hours 45 mins,2000,640.58,5343,12h 48m,320,769
KOCHI,THIRUVANANTHAPURAM,206,5 hours 13 mins,1000,172.85,2883,3h 27m,86,207
KOCHI,CHANDIGARH,2848,2 days 0 hours,5000,2313.69,13068,46h 16m,1157,2776
KOCHI,BHOPAL,2006,1 day 10 hours,5000,1487.07,8935,29h 44m,744,1784
KOCHI,PATNA,2618,1 day 21 hours,5000,1976.92,11385,39h 32m,988,2372
KOCHI,GUWAHATI,3310,2 days 13 hours,5000,2428.99,13645,48h 34m,1214,2915
KOCHI,RAIPUR,1923,1 day 9 hours,4500,1383.09,8415,27h 39m,692,1660
KOCHI,RANCHI,2374,1 day 17 hours,5000,1773.96,10370,35h 28m,887,2129
KOCHI,VARANASI,2385,1 day 16 hours,5000,1851.56,10758,37h 1m,926,2222
KOCHI,SRINAGAR,3389,2 days 11 hours,5000,2689.81,14949,53h 47m,1345,3228
KOCHI,UDAIPUR,2117,1 day 14 hours,5000,1651.74,9759,33h 2m,826,1982
KOCHI,NAGPUR,1657,1 day 4 hours,4500,1282.96,7915,25h 39m,641,1540
KOCHI,GWALIOR,2310,1 day 16 hours,5000,1822.23,10611,36h 26m,911,2187
KOCHI,VIJAYAWADA,1092,18 hours 41 mins,3500,871.26,6728,17h 25m,436,1046
KOCHI,VISAKHAPATNAM,1436,1 day 1 hour,3500,1142.82,7214,22h 51m,571,1371
KOCHI,JABALPUR,1935,1 day 8 hours,4500,1525.47,9127,30h 30m,763,1831
KOCHI,RAJKOT,2181,1 day 14 hours,5000,1493.96,8970,29h 52m,747,1793
KOCHI,SILIGURI,2862,2 days 4 hours,5000,2252.58,12763,45h 3m,1126,2703
KOCHI,TIRUPATI,680,12 hours 17 mins,2000,535.46,4713,10h 42m,268,643
GOA,DELHI,1906,1 day 8 hours,4500,1514.09,9070,30h 16m,757,1817
GOA,MUMBAI,595,11 hours 39 mins,2000,440.32,5023,8h 48m,220,528
GOA,BANGALORE,564,10 hours 26 mins,2000,454.99,5140,9h 5m,227,546
GOA,CHENNAI,887,16 hours 13 mins,2000,706.92,5741,14h 8m,353,848
GOA,HYDRABAD,671,13 hours 52 mins,2000,520.05,4620,10h 24m,260,624
GOA,KOLKATA,2146,1 day 15 hours,5000,1700.57,10003,34h 0m,850,2041
GOA,AHMEDABAD,1103,20 hours 55 mins,3500,874.1,6745,17h 28m,437,1049
GOA,PUNE,454,9 hours 44 mins,1000,359.3,4374,7h 11m,180,431
GOA,LUCKNOW,1901,1 day 8 hours,4500,1465.34,8827,29h 18m,733,1758
GOA,JAIPUR,1697,1 day 6 hours,4500,1302.74,8014,26h 3m,651,1563
GOA,KOCHI,779,17 hours 59 mins,2000,640.58,5343,12h 48m,320,769
GOA,THIRUVANANTHAPURAM,971,22 hours 39 mins,2000,813.07,6378,16h 15m,407,976
GOA,CHANDIGARH,2174,1 day 12 hours,5000,1737.37,10187,34h 44m,869,2085
GOA,BHOPAL,1320,22 hours 43 mins,3500,949.96,7200,18h 59m,475,1140
GOA,PATNA,2067,1 day 10 hours,5000,1619.15,9596,32h 22m,810,1943
GOA,GUWAHATI,2963,2 days 4 hours,5000,2188.99,12445,43h 46m,1094,2627
GOA,RAIPUR,1388,23 hours 2 mins,3500,1032.1,6661,20h 38m,516,1239
GOA,RANCHI,2005,1 day 10 hours,5000,1474.54,8873,29h 29m,737,1769
GOA,VARANASI,1835,1 day 6 hours,4500,1445.48,8727,28h 54m,723,1735
GOA,SRINAGAR,2715,1 day 23 hours,5000,2089.82,11949,41h 47m,1045,2508
GOA,UDAIPUR,1348,1 day 1 hour,3500,1033.46,6667,20h 40m,517,1240
GOA,NAGPUR,1108,17 hours 30 mins,3500,834.99,6510,16h 41m,417,1002
GOA,GWALIOR,1636,1 day 5 hours,4500,1285.09,7925,25h 42m,643,1542
GOA,VIJAYAWADA,934,17 hours 55 mins,2000,710.42,5763,14h 12m,355,853
GOA,VISAKHAPATNAM,1276,23 hours 51 mins,3500,1005.17,6526,20h 6m,503,1206
GOA,JABALPUR,1385,21 hours 54 mins,3500,1070.57,6853,21h 24m,535,1285
GOA,RAJKOT,1272,23 hours 33 mins,3500,853.64,6622,17h 4m,427,1024
GOA,SILIGURI,2515,1 day 19 hours,5000,1940.25,11201,38h 48m,970,2328
GOA,TIRUPATI,810,13 hours 53 mins,2000,599.6,5098,11h 59m,300,720
THIRUVANANTHAPURAM,DELHI,2858,1 day 23 hours,5000,2234.07,12670,44h 40m,1117,2681
THIRUVANANTHAPURAM,MUMBAI,1710,1 day 5 hours,4500,1252.25,7761,25h 2m,626,1503
THIRUVANANTHAPURAM,BANGALORE,722,12 hours 55 mins,2000,499.73,5498,9h 59m,250,600
THIRUVANANTHAPURAM,CHENNAI,781,13 hours 28 mins,2000,624.08,5244,12h 28m,312,749
THIRUVANANTHAPURAM,HYDRABAD,1330,22 hours 5 mins,3500,999.47,7497,19h 59m,500,1199
THIRUVANANTHAPURAM,KOLKATA,2436,1 day 18 hours,5000,1982.21,11411,39h 38m,991,2379
THIRUVANANTHAPURAM,AHMEDABAD,2289,1 day 15 hours,5000,1678.02,9890,33h 33m,839,2014
THIRUVANANTHAPURAM,PUNE,1567,1 day 3 hours,4500,1160.2,7301,23h 12m,580,1392
THIRUVANANTHAPURAM,LUCKNOW,2642,1 day 21 hours,5000,2080.7,11904,41h 36m,1040,2497
THIRUVANANTHAPURAM,JAIPUR,2648,1 day 21 hours,5000,2048.27,11741,40h 57m,1024,2458
THIRUVANANTHAPURAM,KOCHI,207,5 hours 12 mins,1000,172.85,2883,3h 27m,86,207
THIRUVANANTHAPURAM,GOA,966,22 hours 24 mins,2000,813.07,6378,16h 15m,407,976
THIRUVANANTHAPURAM,CHANDIGARH,3126,2 days 3 hours,5000,2469.6,13848,49h 23m,1235,2964
THIRUVANANTHAPURAM,BHOPAL,2197,1 day 12 hours,5000,1639.33,9697,32h 47m,820,1967
THIRUVANANTHAPURAM,PATNA,2808,1 day 23 hours,5000,2086.97,11935,41h 44m,1043,2504
THIRUVANANTHAPURAM,GUWAHATI,3440,2 days 15 hours,5000,2506.01,14030,50h 7m,1253,3007
THIRUVANANTHAPURAM,RAIPUR,1963,1 day 11 hours,4500,1501.96,9010,30h 2m,751,1802
THIRUVANANTHAPURAM,RANCHI,2504,1 day 19 hours,5000,1873.88,10869,37h 28m,937,2249
THIRUVANANTHAPURAM,VARANASI,2576,1 day 18 hours,5000,1973.75,11369,39h 28m,987,2368
THIRUVANANTHAPURAM,SRINAGAR,3667,2 days 14 hours,5000,2850.52,15753,57h 0m,1425,3421
THIRUVANANTHAPURAM,UDAIPUR,2394,1 day 18 hours,5000,1818.43,10592,36h 22m,909,2182
THIRUVANANTHAPURAM,NAGPUR,1848,1 day 6 hours,4500,1422.3,8612,28h 26m,711,1707
THIRUVANANTHAPURAM,GWALIOR,2586,1 day 19 hours,5000,1971.9,11359,39h 26m,986,2366
THIRUVANANTHAPURAM,VIJAYAWADA,1222,20 hours 27 mins,3500,974.57,7347,19h 29m,487,1169
THIRUVANANTHAPURAM,VISAKHAPATNAM,1566,1 day 3 hours,4500,1224.63,7623,24h 29m,612,1470
THIRUVANANTHAPURAM,JABALPUR,2126,1 day 11 hours,5000,1661.94,9810,33h 14m,831,1994
THIRUVANANTHAPURAM,RAJKOT,2459,1 day 17 hours,5000,1666.61,9833,33h 19m,833,2000
THIRUVANANTHAPURAM,SILIGURI,2993,2 days 5 hours,5000,2348.97,13245,46h 58m,1174,2819
THIRUVANANTHAPURAM,TIRUPATI,871,14 hours 44 mins,2000,628.91,5273,12h 34m,314,755
CHANDIGARH,DELHI,261,4 hours 38 mins,1000,239.29,3414,4h 47m,120,287
CHANDIGARH,MUMBAI,1651,1 day 3 hours,4500,1354.32,8272,27h 5m,677,1625
CHANDIGARH,BANGALORE,2393,1 day 15 hours,5000,1976.78,11384,39h 32m,988,2372
CHANDIGARH,CHENNAI,2586,1 day 17 hours,5000,1995.05,11475,39h 54m,998,2394
CHANDIGARH,HYDRABAD,1958,1 day 7 hours,4500,1494.28,8971,29h 53m,747,1793
CHANDIGARH,KOLKATA,1720,1 day 5 hours,4500,1464.23,8821,29h 17m,732,1757
CHANDIGARH,AHMEDABAD,1128,18 hours 5 mins,3500,953.33,7220,19h 4m,477,1144
CHANDIGARH,PUNE,1648,1 day 4 hours,4500,1389.58,8448,27h 47m,695,1667
CHANDIGARH,LUCKNOW,781,11 hours 26 mins,2000,592.89,5057,11h 51m,296,711
CHANDIGARH,JAIPUR,482,7 hours 43 mins,1000,435.71,4986,8h 42m,218,523
CHANDIGARH,KOCHI,2843,2 days 0 hours,5000,2313.69,13068,46h 16m,1157,2776
CHANDIGARH,GOA,2175,1 day 12 hours,5000,1737.37,10187,34h 44m,869,2085
CHANDIGARH,THIRUVANANTHAPURAM,3119,2 days 3 hours,5000,2469.6,13848,49h 23m,1235,2964
CHANDIGARH,BHOPAL,1053,16 hours 27 mins,3500,833.36,6500,16h 40m,417,1000
CHANDIGARH,PATNA,1289,19 hours 39 mins,3500,998.4,7490,19h 58m,499,1198
CHANDIGARH,GUWAHATI,2178,1 day 13 hours,5000,1547.29,9236,30h 56m,774,1857
CHANDIGARH,RAIPUR,1476,1 day 1 hour,3500,1160.04,7300,23h 12m,580,1392
CHANDIGARH,RANCHI,1463,1 day 1 hour,3500,1177.63,7388,23h 33m,589,1413
CHANDIGARH,VARANASI,1047,16 hours 14 mins,3500,855.42,6633,17h 6m,428,1027
CHANDIGARH,SRINAGAR,566,11 hours 32 mins,2000,416.4,4831,8h 19m,208,500
CHANDIGARH,UDAIPUR,866,13 hours 48 mins,2000,747.26,5984,14h 56m,374,897
CHANDIGARH,NAGPUR,1403,22 hours 22 mins,3500,1090.69,6953,21h 48m,545,1309
CHANDIGARH,GWALIOR,587,9 hours 58 mins,2000,520.43,4623,10h 24m,260,625
CHANDIGARH,VIJAYAWADA,2232,1 day 11 hours,5000,1629.95,9650,32h 35m,815,1956
CHANDIGARH,VISAKHAPATNAM,2068,1 day 14 hours,5000,1589.95,9450,31h 47m,795,1908
CHANDIGARH,JABALPUR,1186,18 hours 2 mins,3500,897.72,6886,17h 57m,449,1077
CHANDIGARH,RAJKOT,1346,21 hours 43 mins,3500,1109.52,7048,22h 11m,555,1331
CHANDIGARH,SILIGURI,1730,1 day 4 hours,4500,1212.33,7562,24h 14m,606,1455
CHANDIGARH,TIRUPATI,2547,1 day 16 hours,5000,1921.04,11105,38h 25m,961,2305
BHOPAL,DELHI,788,12 hours 52 mins,2000,595.69,5074,11h 54m,298,715
BHOPAL,MUMBAI,778,14 hours 45 mins,2000,661.36,5468,13h 13m,331,794
BHOPAL,BANGALORE,1442,23 hours 55 mins,3500,1144.17,7221,22h 53m,572,1373
BHOPAL,CHENNAI,1477,1 day 1 hour,3500,1171.11,7356,23h 25m,586,1405
BHOPAL,HYDRABAD,849,15 hours 2 mins,2000,662.78,5477,13h 15m,331,795
BHOPAL,KOLKATA,1425,1 day 1 hour,3500,1123.95,7120,22h 28m,562,1349
BHOPAL,AHMEDABAD,580,10 hours 19 mins,2000,495.68,5465,9h 54m,248,595
BHOPAL,PUNE,805,15 hours 32 mins,2000,643.49,5361,12h 52m,322,772
BHOPAL,LUCKNOW,719,12 hours 46 mins,2000,534.5,4707,10h 41m,267,641
BHOPAL,JAIPUR,578,10 hours 29 mins,2000,437.86,5003,8h 45m,219,525
BHOPAL,KOCHI,1983,1 day 10 hours,4500,1487.07,8935,29h 44m,744,1784
BHOPAL,GOA,1324,22 hours 43 mins,3500,949.96,7200,18h 59m,475,1140
BHOPAL,THIRUVANANTHAPURAM,2172,1 day 13 hours,5000,1639.33,9697,32h 47m,820,1967
BHOPAL,CHANDIGARH,1056,16 hours 54 mins,3500,833.36,6500,16h 40m,417,1000
BHOPAL,PATNA,994,17 hours 36 mins,2000,823.86,6443,16h 28m,412,989
BHOPAL,GUWAHATI,1889,1 day 11 hours,4500,1481.2,8906,29h 37m,741,1777
BHOPAL,RAIPUR,627,11 hours 48 mins,2000,488.03,5404,9h 45m,244,586
BHOPAL,RANCHI,1018,19 hours 33 mins,3500,806.44,6339,16h 7m,403,968
BHOPAL,VARANASI,761,12 hours 51 mins,2000,608.24,5149,12h 9m,304,730
BHOPAL,SRINAGAR,1597,1 day 4 hours,4500,1230.15,7651,24h 36m,615,1476
BHOPAL,UDAIPUR,534,9 hours 44 mins,2000,403.92,4731,8h 4m,202,485
BHOPAL,NAGPUR,351,6 hours 3 mins,1000,291.57,3833,5h 49m,146,350
BHOPAL,GWALIOR,428,7 hours 20 mins,1000,338.03,4204,6h 45m,169,406
BHOPAL,VIJAYAWADA,1122,18 hours 56 mins,3500,823.55,6441,16h 28m,412,988
BHOPAL,VISAKHAPATNAM,1132,22 hours 54 mins,3500,865.66,6694,17h 18m,433,1039
BHOPAL,JABALPUR,312,5 hours 10 mins,1000,263.15,3605,5h 15m,132,316
BHOPAL,RAJKOT,779,13 hours 36 mins,2000,685.92,5616,13h 43m,343,823
BHOPAL,SILIGURI,1442,1 day 2 hours,3500,1163.71,7319,23h 16m,582,1396
BHOPAL,TIRUPATI,1437,1 day 0 hours,3500,1091.58,6958,21h 49m,546,1310
PATNA,DELHI,1058,15 hours 10 mins,3500,853.35,6620,17h 4m,427,1024
PATNA,MUMBAI,1753,1 day 3 hours,4500,1453.23,8766,29h 3m,727,1744
PATNA,BANGALORE,2075,1 day 10 hours,5000,1610.33,9552,32h 12m,805,1932
PATNA,CHENNAI,2110,1 day 12 hours,5000,1481.47,8907,29h 37m,741,1778
PATNA,HYDRABAD,1482,1 day 1 hour,3500,1142.58,7213,22h 51m,571,1371
PATNA,KOLKATA,584,11 hours 9 mins,2000,469.15,5253,9h 22m,235,563
PATNA,AHMEDABAD,1679,1 day 3 hours,4500,1304.54,8023,26h 5m,652,1565
PATNA,PUNE,1741,1 day 3 hours,4500,1402.52,8513,28h 3m,701,1683
PATNA,LUCKNOW,520,8 hours 15 mins,2000,440.66,5025,8h 48m,220,529
PATNA,JAIPUR,1100,16 hours 45 mins,3500,943.67,7162,18h 52m,472,1132
PATNA,KOCHI,2617,1 day 20 hours,5000,1976.92,11385,39h 32m,988,2372
PATNA,GOA,2094,1 day 10 hours,5000,1619.15,9596,32h 22m,810,1943
PATNA,THIRUVANANTHAPURAM,2805,1 day 23 hours,5000,2086.97,11935,41h 44m,1043,2504
PATNA,CHANDIGARH,1307,19 hours 28 mins,3500,998.4,7490,19h 58m,499,1198
PATNA,BHOPAL,1018,17 hours 9 mins,3500,823.86,6443,16h 28m,412,989
PATNA,GUWAHATI,905,18 hours 44 mins,2000,662.96,5478,13h 15m,331,796
PATNA,RAIPUR,783,15 hours 49 mins,2000,600.99,5106,12h 1m,300,721
PATNA,RANCHI,328,6 hours 33 mins,1000,250.79,3506,5h 0m,125,301
PATNA,VARANASI,278,5 hours 41 mins,1000,219.4,3255,4h 23m,110,263
PATNA,SRINAGAR,1851,1 day 6 hours,4500,1371.7,8359,27h 26m,686,1646
PATNA,UDAIPUR,1425,22 hours 31 mins,3500,1155.63,7278,23h 6m,578,1387
PATNA,NAGPUR,981,16 hours 38 mins,2000,790.94,6246,15h 49m,395,949
PATNA,GWALIOR,863,14 hours 2 mins,2000,698.99,5694,13h 58m,349,839
PATNA,VIJAYAWADA,1601,1 day 4 hours,4500,1112.46,7062,22h 14m,556,1335
PATNA,VISAKHAPATNAM,1272,23 hours 19 mins,3500,901.3,6908,18h 1m,451,1082
PATNA,JABALPUR,710,12 hours 24 mins,2000,586.53,5019,11h 43m,293,704
PATNA,RAJKOT,1874,1 day 6 hours,4500,1501.11,9006,30h 1m,751,1801
PATNA,SILIGURI,457,9 hours 21 mins,1000,340.68,4225,6h 48m,170,409
PATNA,TIRUPATI,2071,1 day 10 hours,5000,1458.46,8792,29h 10m,729,1750
GUWAHATI,DELHI,1935,1 day 9 hours,4500,1459.45,8797,29h 11m,730,1751
GUWAHATI,MUMBAI,2630,1 day 20 hours,5000,2086.34,11932,41h 43m,1043,2504
GUWAHATI,BANGALORE,2952,2 days 4 hours,5000,2080.02,11900,41h 36m,1040,2496
GUWAHATI,CHENNAI,2673,2 days 2 hours,5000,1882.16,10911,37h 38m,941,2259
GUWAHATI,HYDRABAD,2359,1 day 19 hours,5000,1677.58,9888,33h 33m,839,2013
GUWAHATI,KOLKATA,1016,21 hours 5 mins,3500,523.81,4643,10h 28m,262,629
GUWAHATI,AHMEDABAD,2556,1 day 20 hours,5000,1966.77,11334,39h 20m,983,2360
GUWAHATI,PUNE,2618,1 day 20 hours,5000,2022.14,11611,40h 26m,1011,2427
GUWAHATI,LUCKNOW,1397,1 day 2 hours,3500,1076.28,6881,21h 31m,538,1292
GUWAHATI,JAIPUR,1977,1 day 10 hours,4500,1587.96,9440,31h 45m,794,1906
GUWAHATI,KOCHI,3306,2 days 13 hours,5000,2428.99,13645,48h 34m,1214,2915
GUWAHATI,GOA,2971,2 days 3 hours,5000,2188.99,12445,43h 46m,1094,2627
GUWAHATI,THIRUVANANTHAPURAM,3443,2 days 14 hours,5000,2506.01,14030,50h 7m,1253,3007
GUWAHATI,CHANDIGARH,2184,1 day 13 hours,5000,1547.29,9236,30h 56m,774,1857
GUWAHATI,BHOPAL,1895,1 day 11 hours,4500,1481.2,8906,29h 37m,741,1777
GUWAHATI,PATNA,906,18 hours 23 mins,2000,662.96,5478,13h 15m,331,796
GUWAHATI,RAIPUR,1655,1 day 10 hours,4500,1163.4,7317,23h 16m,582,1396
GUWAHATI,RANCHI,1122,23 hours 32 mins,3500,719.68,5818,14h 23m,360,864
GUWAHATI,VARANASI,1155,23 hours 8 mins,3500,882.34,6794,17h 38m,441,1059
GUWAHATI,SRINAGAR,2728,2 days 0 hours,5000,1849.46,10747,36h 59m,925,2219
GUWAHATI,UDAIPUR,2302,1 day 16 hours,5000,1817.75,10589,36h 21m,909,2181
GUWAHATI,NAGPUR,1858,1 day 10 hours,4500,1402.13,8511,28h 2m,701,1683
GUWAHATI,GWALIOR,1740,1 day 7 hours,4500,1351.85,8259,27h 2m,676,1622
GUWAHATI,VIJAYAWADA,2219,1 day 18 hours,5000,1569.28,9346,31h 23m,785,1883
GUWAHATI,VISAKHAPATNAM,1890,1 day 13 hours,4500,1286.18,7931,25h 43m,643,1543
GUWAHATI,JABALPUR,1587,1 day 6 hours,4500,1231.64,7658,24h 37m,616,1478
GUWAHATI,RAJKOT,2751,2 days 0 hours,5000,2162.72,12314,43h 15m,1081,2595
GUWAHATI,SILIGURI,462,9 hours 40 mins,1000,344.55,4256,6h 53m,172,413
GUWAHATI,TIRUPATI,2634,2 days 1 hour,5000,1893.56,10968,37h 52m,947,2272
RAIPUR,DELHI,1226,20 hours 57 mins,3500,931.9,7091,18h 38m,466,1118
RAIPUR,MUMBAI,1048,15 hours 51 mins,3500,944.83,7169,18h 53m,472,1134
RAIPUR,BANGALORE,1358,23 hours 22 mins,3500,1015.43,6577,20h 18m,508,1219
RAIPUR,CHENNAI,1193,22 hours 34 mins,3500,919.7,7018,18h 23m,460,1104
RAIPUR,HYDRABAD,704,14 hours 24 mins,2000,541.79,4751,10h 50m,271,650
RAIPUR,KOLKATA,836,17 hours 9 mins,2000,710.01,5760,14h 12m,355,852
RAIPUR,AHMEDABAD,1111,21 hours 36 mins,3500,953.35,7220,19h 4m,477,1144
RAIPUR,PUNE,1037,16 hours 4 mins,3500,867.48,6705,17h 20m,434,1041
RAIPUR,LUCKNOW,798,16 hours 21 mins,2000,626.02,5256,12h 31m,313,751
RAIPUR,JAIPUR,1205,22 hours 15 mins,3500,864.57,6687,17h 17m,432,1037
RAIPUR,KOCHI,1826,1 day 10 hours,4500,1383.09,8415,27h 39m,692,1660
RAIPUR,GOA,1389,23 hours 8 mins,3500,1032.1,6661,20h 38m,516,1239
RAIPUR,THIRUVANANTHAPURAM,1963,1 day 11 hours,4500,1501.96,9010,30h 2m,751,1802
RAIPUR,CHANDIGARH,1475,1 day 1 hour,3500,1160.04,7300,23h 12m,580,1392
RAIPUR,BHOPAL,628,11 hours 56 mins,2000,488.03,5404,9h 45m,244,586
RAIPUR,PATNA,751,16 hours 6 mins,2000,600.99,5106,12h 1m,300,721
RAIPUR,GUWAHATI,1654,1 day 10 hours,4500,1163.4,7317,23h 16m,582,1396
RAIPUR,RANCHI,585,11 hours 43 mins,2000,444.36,5055,8h 53m,222,533
RAIPUR,VARANASI,637,12 hours 57 mins,2000,472.52,5280,9h 27m,236,567
RAIPUR,SRINAGAR,2019,1 day 12 hours,5000,1576.44,9382,31h 31m,788,1892
RAIPUR,UDAIPUR,1124,21 hours 17 mins,3500,891.33,6848,17h 49m,446,1070
RAIPUR,NAGPUR,284,5 hours 54 mins,1000,263.73,3610,5h 16m,132,316
RAIPUR,GWALIOR,819,16 hours 26 mins,2000,654.21,5425,13h 5m,327,785
RAIPUR,VIJAYAWADA,743,14 hours 54 mins,2000,537.65,4726,10h 45m,269,645
RAIPUR,VISAKHAPATNAM,597,12 hours 41 mins,2000,429.93,4939,8h 35m,215,516
RAIPUR,JABALPUR,342,7 hours 23 mins,1000,273.26,3686,5h 27m,137,328
RAIPUR,RAJKOT,1516,1 day 0 hours,4500,1123.88,7119,22h 28m,562,1349
RAIPUR,SILIGURI,1206,1 day 1 hour,3500,909.5,6957,18h 11m,455,1091
RAIPUR,TIRUPATI,1154,21 hours 24 mins,3500,879.37,6776,17h 35m,440,1055
RANCHI,DELHI,1214,20 hours 53 mins,3500,999.01,7494,19h 58m,500,1199
RANCHI,MUMBAI,1662,1 day 3 hours,4500,1372.62,8363,27h 27m,686,1647
RANCHI,BANGALORE,1943,1 day 10 hours,4500,1411.46,8557,28h 13m,706,1694
RANCHI,CHENNAI,1739,1 day 6 hours,4500,1258.63,7793,25h 10m,629,1510
RANCHI,HYDRABAD,1318,1 day 2 hours,3500,971.72,7330,19h 26m,486,1166
RANCHI,KOLKATA,402,7 hours 41 mins,1000,324.27,4094,6h 29m,162,389
RANCHI,AHMEDABAD,1639,1 day 6 hours,4500,1302.12,8011,26h 2m,651,1563
RANCHI,PUNE,1650,1 day 3 hours,4500,1304.11,8021,26h 4m,652,1565
RANCHI,LUCKNOW,749,13 hours 53 mins,2000,587.05,5022,11h 44m,294,704
RANCHI,JAIPUR,1257,22 hours 29 mins,3500,1037.07,6685,20h 44m,519,1244
RANCHI,KOCHI,2372,1 day 17 hours,5000,1773.96,10370,35h 28m,887,2129
RANCHI,GOA,2003,1 day 10 hours,5000,1474.54,8873,29h 29m,737,1769
RANCHI,THIRUVANANTHAPURAM,2508,1 day 19 hours,5000,1873.88,10869,37h 28m,937,2249
RANCHI,CHANDIGARH,1463,1 day 1 hour,3500,1177.63,7388,23h 33m,589,1413
RANCHI,BHOPAL,1060,19 hours 32 mins,3500,806.44,6339,16h 7m,403,968
RANCHI,PATNA,328,6 hours 36 mins,1000,250.79,3506,5h 0m,125,301
RANCHI,GUWAHATI,1123,23 hours 53 mins,3500,719.68,5818,14h 23m,360,864
RANCHI,RAIPUR,619,11 hours 36 mins,2000,444.36,5055,8h 53m,222,533
RANCHI,VARANASI,427,9 hours 7 mins,1000,322.72,4082,6h 27m,161,387
RANCHI,SRINAGAR,2007,1 day 12 hours,5000,1571.79,9359,31h 26m,786,1886
RANCHI,UDAIPUR,1544,1 day 3 hours,4500,1186.06,7430,23h 43m,593,1423
RANCHI,NAGPUR,898,17 hours 5 mins,2000,685.28,5612,13h 42m,343,822
RANCHI,GWALIOR,1005,19 hours 3 mins,3500,787.09,6223,15h 44m,394,945
RANCHI,VIJAYAWADA,1284,22 hours 40 mins,3500,902.88,6917,18h 3m,451,1083
RANCHI,VISAKHAPATNAM,955,17 hours 33 mins,2000,665.65,5494,13h 18m,333,799
RANCHI,JABALPUR,702,14 hours 33 mins,2000,544.06,4764,10h 52m,272,653
RANCHI,RAJKOT,1838,1 day 9 hours,4500,1490.7,8954,29h 48m,745,1789
RANCHI,SILIGURI,675,14 hours 31 mins,2000,479.77,5338,9h 35m,240,576
RANCHI,TIRUPATI,1699,1 day 5 hours,4500,1245.64,7728,24h 54m,623,1495
VARANASI,DELHI,849,12 hours 4 mins,2000,678.64,5572,13h 34m,339,814
VARANASI,MUMBAI,1496,22 hours 8 mins,3500,1249.05,7745,24h 58m,625,1499
VARANASI,BANGALORE,1819,1 day 6 hours,4500,1483.98,8920,29h 40m,742,1781
VARANASI,CHENNAI,1853,1 day 7 hours,4500,1389.61,8448,27h 47m,695,1668
VARANASI,HYDRABAD,1225,20 hours 48 mins,3500,996.73,7480,19h 56m,498,1196
VARANASI,KOLKATA,684,13 hours 34 mins,2000,626.96,5262,12h 32m,313,752
VARANASI,AHMEDABAD,1382,22 hours 29 mins,3500,1085.37,6927,21h 42m,543,1302
VARANASI,PUNE,1484,22 hours 21 mins,3500,1205.82,7529,24h 6m,603,1447
VARANASI,LUCKNOW,312,5 hours 9 mins,1000,264.41,3615,5h 17m,132,317
VARANASI,JAIPUR,892,13 hours 40 mins,2000,739,5934,14h 46m,369,887
VARANASI,KOCHI,2360,1 day 16 hours,5000,1851.56,10758,37h 1m,926,2222
VARANASI,GOA,1837,1 day 5 hours,4500,1445.48,8727,28h 54m,723,1735
VARANASI,THIRUVANANTHAPURAM,2549,1 day 18 hours,5000,1973.75,11369,39h 28m,987,2368
VARANASI,CHANDIGARH,1098,16 hours 22 mins,3500,855.42,6633,17h 6m,428,1027
VARANASI,BHOPAL,761,12 hours 40 mins,2000,608.24,5149,12h 9m,304,730
VARANASI,PATNA,252,5 hours 47 mins,1000,219.4,3255,4h 23m,110,263
VARANASI,GUWAHATI,1148,23 hours 37 mins,3500,882.34,6794,17h 38m,441,1059
VARANASI,RAIPUR,637,12 hours 47 mins,2000,472.52,5280,9h 27m,236,567
VARANASI,RANCHI,427,8 hours 57 mins,1000,322.72,4082,6h 27m,161,387
VARANASI,SRINAGAR,1643,1 day 3 hours,4500,1253.46,7767,25h 4m,627,1504
VARANASI,UDAIPUR,1129,18 hours 18 mins,3500,937.05,7122,18h 44m,469,1124
VARANASI,NAGPUR,724,12 hours 10 mins,2000,610.5,5163,12h 12m,305,733
VARANASI,GWALIOR,590,10 hours 36 mins,2000,490.08,5421,9h 48m,245,588
VARANASI,VIJAYAWADA,1499,1 day 1 hour,3500,1009.05,6545,20h 10m,505,1211
VARANASI,VISAKHAPATNAM,1176,1 day 0 hours,3500,848.88,6593,16h 58m,424,1019
VARANASI,JABALPUR,453,7 hours 56 mins,1000,384.88,4579,7h 41m,192,462
VARANASI,RAJKOT,1578,1 day 2 hours,4500,1282.19,7911,25h 38m,641,1539
VARANASI,SILIGURI,700,14 hours 13 mins,2000,556.16,4837,11h 7m,278,667
VARANASI,TIRUPATI,1814,1 day 6 hours,4500,1351.86,8259,27h 2m,676,1622
SRINAGAR,DELHI,805,15 hours 4 mins,2000,649.84,5399,12h 59m,325,780
SRINAGAR,MUMBAI,2060,1 day 13 hours,5000,1679.55,9898,33h 35m,840,2015
SRINAGAR,BANGALORE,2934,2 days 1 hour,5000,2364.51,13323,47h 17m,1182,2837
SRINAGAR,CHENNAI,3130,2 days 4 hours,5000,2399.74,13499,47h 59m,1200,2880
SRINAGAR,HYDRABAD,2502,1 day 17 hours,5000,1892.79,10964,37h 51m,946,2271
SRINAGAR,KOLKATA,2264,1 day 16 hours,5000,1840.82,10704,36h 48m,920,2209
SRINAGAR,AHMEDABAD,1541,1 day 3 hours,4500,1248.9,7745,24h 58m,624,1499
SRINAGAR,PUNE,2188,1 day 14 hours,5000,1733.07,10165,34h 39m,867,2080
SRINAGAR,LUCKNOW,1325,21 hours 52 mins,3500,996.92,7482,19h 56m,498,1196
SRINAGAR,JAIPUR,1022,18 hours 7 mins,3500,803.02,6318,16h 3m,402,964
SRINAGAR,KOCHI,3383,2 days 10 hours,5000,2689.81,14949,53h 47m,1345,3228
SRINAGAR,GOA,2715,1 day 22 hours,5000,2089.82,11949,41h 47m,1045,2508
SRINAGAR,THIRUVANANTHAPURAM,3659,2 days 13 hours,5000,2850.52,15753,57h 0m,1425,3421
SRINAGAR,CHANDIGARH,566,11 hours 15 mins,2000,416.4,4831,8h 19m,208,500
SRINAGAR,BHOPAL,1593,1 day 3 hours,4500,1230.15,7651,24h 36m,615,1476
SRINAGAR,PATNA,1833,1 day 6 hours,4500,1371.7,8359,27h 26m,686,1646
SRINAGAR,GUWAHATI,2722,2 days 0 hours,5000,1849.46,10747,36h 59m,925,2219
SRINAGAR,RAIPUR,2020,1 day 12 hours,5000,1576.44,9382,31h 31m,788,1892
SRINAGAR,RANCHI,2007,1 day 11 hours,5000,1571.79,9359,31h 26m,786,1886
SRINAGAR,VARANASI,1591,1 day 3 hours,4500,1253.46,7767,25h 4m,627,1504
SRINAGAR,UDAIPUR,1407,1 day 0 hours,3500,1061.36,6807,21h 13m,531,1274
SRINAGAR,NAGPUR,1943,1 day 9 hours,4500,1499,8995,29h 58m,749,1799
SRINAGAR,GWALIOR,1131,20 hours 24 mins,3500,933.02,7098,18h 39m,467,1120
SRINAGAR,VIJAYAWADA,2776,1 day 21 hours,5000,2039.99,11700,40h 47m,1020,2448
SRINAGAR,VISAKHAPATNAM,2612,2 days 0 hours,5000,2006.35,11532,40h 7m,1003,2408
SRINAGAR,JABALPUR,1730,1 day 4 hours,4500,1313.23,8066,26h 15m,657,1576
SRINAGAR,RAJKOT,1666,1 day 5 hours,4500,1366.74,8334,27h 20m,683,1640
SRINAGAR,SILIGURI,2274,1 day 15 hours,5000,1534.78,9174,30h 41m,767,1842
SRINAGAR,TIRUPATI,3091,2 days 2 hours,5000,2321.73,13109,46h 26m,1161,2786
UDAIPUR,DELHI,653,10 hours 56 mins,2000,566.94,4902,11h 20m,283,680
UDAIPUR,MUMBAI,764,13 hours 48 mins,2000,618.64,5212,12h 22m,309,742
UDAIPUR,BANGALORE,1665,1 day 6 hours,4500,1354.24,8271,27h 5m,677,1625
UDAIPUR,CHENNAI,1927,1 day 10 hours,4500,1452.62,8763,29h 3m,726,1743
UDAIPUR,HYDRABAD,1287,23 hours 18 mins,3500,941.4,7148,18h 49m,471,1130
UDAIPUR,KOLKATA,1818,1 day 7 hours,4500,1509.06,9045,30h 10m,755,1811
UDAIPUR,AHMEDABAD,256,4 hours 30 mins,1000,208.99,3172,4h 10m,104,251
UDAIPUR,PUNE,899,16 hours 28 mins,2000,674.56,5547,13h 29m,337,809
UDAIPUR,LUCKNOW,916,15 hours 10 mins,2000,766.91,6101,15h 20m,383,920
UDAIPUR,JAIPUR,397,6 hours 25 mins,1000,331.85,4155,6h 38m,166,398
UDAIPUR,KOCHI,2115,1 day 15 hours,5000,1651.74,9759,33h 2m,826,1982
UDAIPUR,GOA,1341,1 day 1 hour,3500,1033.46,6667,20h 40m,517,1240
UDAIPUR,THIRUVANANTHAPURAM,2390,1 day 18 hours,5000,1818.43,10592,36h 22m,909,2182
UDAIPUR,CHANDIGARH,867,13 hours 54 mins,2000,747.26,5984,14h 56m,374,897
UDAIPUR,BHOPAL,537,9 hours 52 mins,2000,403.92,4731,8h 4m,202,485
UDAIPUR,PATNA,1407,22 hours 59 mins,3500,1155.63,7278,23h 6m,578,1387
UDAIPUR,GUWAHATI,2296,1 day 17 hours,5000,1817.75,10589,36h 21m,909,2181
UDAIPUR,RAIPUR,1127,21 hours 17 mins,3500,891.33,6848,17h 49m,446,1070
UDAIPUR,RANCHI,1562,1 day 2 hours,4500,1186.06,7430,23h 43m,593,1423
UDAIPUR,VARANASI,1146,18 hours 0 mins,3500,937.05,7122,18h 44m,469,1124
UDAIPUR,SRINAGAR,1408,1 day 1 hour,3500,1061.36,6807,21h 13m,531,1274
UDAIPUR,NAGPUR,851,15 hours 33 mins,2000,670.42,5523,13h 24m,335,805
UDAIPUR,GWALIOR,617,9 hours 40 mins,2000,484.3,5374,9h 41m,242,581
UDAIPUR,VIJAYAWADA,1573,1 day 4 hours,4500,1152.06,7260,23h 2m,576,1382
UDAIPUR,VISAKHAPATNAM,1632,1 day 8 hours,4500,1248.38,7742,24h 58m,624,1498
UDAIPUR,JABALPUR,849,14 hours 53 mins,2000,656.64,5440,13h 7m,328,788
UDAIPUR,RAJKOT,473,8 hours 8 mins,1000,390.49,4624,7h 48m,195,469
UDAIPUR,SILIGURI,1848,1 day 7 hours,4500,1482.82,8914,29h 39m,741,1779
UDAIPUR,TIRUPATI,1819,1 day 8 hours,4500,1357.31,8287,27h 8m,679,1629
NAGPUR,DELHI,1206,18 hours 15 mins,3500,851.73,6610,17h 2m,426,1022
NAGPUR,MUMBAI,771,10 hours 23 mins,2000,688.02,5628,13h 45m,344,826
NAGPUR,BANGALORE,1093,17 hours 55 mins,3500,922.66,7036,18h 27m,461,1107
NAGPUR,CHENNAI,1127,19 hours 19 mins,3500,905.32,6932,18h 6m,453,1086
NAGPUR,HYDRABAD,499,9 hours 2 mins,1000,422.92,4883,8h 27m,211,508
NAGPUR,KOLKATA,1120,22 hours 54 mins,3500,970.13,7321,19h 24m,485,1164
NAGPUR,AHMEDABAD,835,15 hours 53 mins,2000,703.06,5718,14h 3m,352,844
NAGPUR,PUNE,759,10 hours 36 mins,2000,620.14,5221,12h 24m,310,744
NAGPUR,LUCKNOW,790,14 hours 47 mins,2000,661.38,5468,13h 13m,331,794
NAGPUR,JAIPUR,928,16 hours 32 mins,2000,723.45,5841,14h 28m,362,868
NAGPUR,KOCHI,1634,1 day 4 hours,4500,1282.96,7915,25h 39m,641,1540
NAGPUR,GOA,1112,17 hours 40 mins,3500,834.99,6510,16h 41m,417,1002
NAGPUR,THIRUVANANTHAPURAM,1823,1 day 7 hours,4500,1422.3,8612,28h 26m,711,1707
NAGPUR,CHANDIGARH,1454,22 hours 33 mins,3500,1090.69,6953,21h 48m,545,1309
NAGPUR,BHOPAL,351,6 hours 13 mins,1000,291.57,3833,5h 49m,146,350
NAGPUR,PATNA,957,17 hours 12 mins,2000,790.94,6246,15h 49m,395,949
NAGPUR,GUWAHATI,1853,1 day 11 hours,4500,1402.13,8511,28h 2m,701,1683
NAGPUR,RAIPUR,284,5 hours 54 mins,1000,263.73,3610,5h 16m,132,316
NAGPUR,RANCHI,900,17 hours 16 mins,2000,685.28,5612,13h 42m,343,822
NAGPUR,VARANASI,725,12 hours 28 mins,2000,610.5,5163,12h 12m,305,733
NAGPUR,SRINAGAR,1999,1 day 9 hours,4500,1499,8995,29h 58m,749,1799
NAGPUR,UDAIPUR,847,15 hours 33 mins,2000,670.42,5523,13h 24m,335,805
NAGPUR,GWALIOR,778,13 hours 23 mins,2000,571.51,4929,11h 25m,286,686
NAGPUR,VIJAYAWADA,773,12 hours 56 mins,2000,541.37,4748,10h 49m,271,650
NAGPUR,VISAKHAPATNAM,789,17 hours 1 min,2000,579.19,4975,11h 35m,290,695
NAGPUR,JABALPUR,274,4 hours 47 mins,1000,244.53,3456,4h 53m,122,293
NAGPUR,RAJKOT,1238,18 hours 53 mins,3500,865.43,6693,17h 18m,433,1039
NAGPUR,SILIGURI,1405,1 day 2 hours,3500,1122.35,7112,22h 26m,561,1347
NAGPUR,TIRUPATI,1088,18 hours 9 mins,3500,836.59,6520,16h 43m,418,1004
GWALIOR,DELHI,339,5 hours 50 mins,1000,283.19,3765,5h 39m,142,340
GWALIOR,MUMBAI,1090,19 hours 24 mins,3500,962.55,7275,19h 15m,481,1155
GWALIOR,BANGALORE,1828,1 day 7 hours,4500,1474.25,8871,29h 29m,737,1769
GWALIOR,CHENNAI,1863,1 day 8 hours,4500,1476.79,8884,29h 32m,738,1772
GWALIOR,HYDRABAD,1235,21 hours 59 mins,3500,982.72,7396,19h 39m,491,1179
GWALIOR,KOLKATA,1263,23 hours 10 mins,3500,1107.37,7037,22h 8m,554,1329
GWALIOR,AHMEDABAD,879,13 hours 58 mins,2000,669.22,5515,13h 23m,335,803
GWALIOR,PUNE,1117,20 hours 11 mins,3500,964.42,7287,19h 17m,482,1157
GWALIOR,LUCKNOW,341,6 hours 3 mins,1000,283.65,3769,5h 40m,142,340
GWALIOR,JAIPUR,333,6 hours 14 mins,1000,250.43,3503,5h 0m,125,301
GWALIOR,KOCHI,2312,1 day 16 hours,5000,1822.23,10611,36h 26m,911,2187
GWALIOR,GOA,1643,1 day 4 hours,4500,1285.09,7925,25h 42m,643,1542
GWALIOR,THIRUVANANTHAPURAM,2587,1 day 20 hours,5000,1971.9,11359,39h 26m,986,2366
GWALIOR,CHANDIGARH,588,10 hours 8 mins,2000,520.43,4623,10h 24m,260,625
GWALIOR,BHOPAL,428,7 hours 8 mins,1000,338.03,4204,6h 45m,169,406
GWALIOR,PATNA,849,14 hours 16 mins,2000,698.99,5694,13h 58m,349,839
GWALIOR,GUWAHATI,1738,1 day 8 hours,4500,1351.85,8259,27h 2m,676,1622
GWALIOR,RAIPUR,819,16 hours 19 mins,2000,654.21,5425,13h 5m,327,785
GWALIOR,RANCHI,1006,18 hours 34 mins,3500,787.09,6223,15h 44m,394,945
GWALIOR,VARANASI,591,10 hours 15 mins,2000,490.08,5421,9h 48m,245,588
GWALIOR,SRINAGAR,1132,20 hours 52 mins,3500,933.02,7098,18h 39m,467,1120
GWALIOR,UDAIPUR,625,9 hours 48 mins,2000,484.3,5374,9h 41m,242,581
GWALIOR,NAGPUR,778,13 hours 4 mins,2000,571.51,4929,11h 25m,286,686
GWALIOR,VIJAYAWADA,1509,1 day 2 hours,4500,1109.6,7048,22h 11m,555,1332
GWALIOR,VISAKHAPATNAM,1411,1 day 5 hours,3500,1081.16,6906,21h 37m,541,1297
GWALIOR,JABALPUR,471,9 hours 14 mins,1000,383.68,4569,7h 40m,192,460
GWALIOR,RAJKOT,1074,17 hours 29 mins,3500,865.32,6692,17h 18m,433,1038
GWALIOR,SILIGURI,1290,22 hours 42 mins,3500,1011.12,6556,20h 13m,506,1213
GWALIOR,TIRUPATI,1824,1 day 7 hours,4500,1405.81,8529,28h 6m,703,1687
VIJAYAWADA,DELHI,1981,1 day 7 hours,4500,1391.6,8458,27h 49m,696,1670
VIJAYAWADA,MUMBAI,996,17 hours 28 mins,2000,870.77,6725,17h 24m,435,1045
VIJAYAWADA,BANGALORE,661,11 hours 7 mins,2000,512.1,4573,10h 14m,256,615
VIJAYAWADA,CHENNAI,456,7 hours 56 mins,1000,382.83,4563,7h 39m,191,459
VIJAYAWADA,HYDRABAD,278,5 hours 8 mins,1000,249.79,3498,4h 59m,125,300
VIJAYAWADA,KOLKATA,1214,21 hours 47 mins,3500,1052.54,6763,21h 3m,526,1263
VIJAYAWADA,AHMEDABAD,1468,1 day 1 hour,3500,1112.71,7064,22h 15m,556,1335
VIJAYAWADA,PUNE,846,14 hours 41 mins,2000,754.1,6025,15h 4m,377,905
VIJAYAWADA,LUCKNOW,1566,1 day 3 hours,4500,1150.22,7251,23h 0m,575,1380
VIJAYAWADA,JAIPUR,1699,1 day 5 hours,4500,1260.96,7805,25h 13m,630,1513
VIJAYAWADA,KOCHI,1089,18 hours 56 mins,3500,871.26,6728,17h 25m,436,1046
VIJAYAWADA,GOA,933,17 hours 55 mins,2000,710.42,5763,14h 12m,355,853
VIJAYAWADA,THIRUVANANTHAPURAM,1226,20 hours 35 mins,3500,974.57,7347,19h 29m,487,1169
VIJAYAWADA,CHANDIGARH,2230,1 day 11 hours,5000,1629.95,9650,32h 35m,815,1956
VIJAYAWADA,BHOPAL,1121,18 hours 52 mins,3500,823.55,6441,16h 28m,412,988
VIJAYAWADA,PATNA,1601,1 day 5 hours,4500,1112.46,7062,22h 14m,556,1335
VIJAYAWADA,GUWAHATI,2219,1 day 18 hours,5000,1569.28,9346,31h 23m,785,1883
VIJAYAWADA,RAIPUR,745,14 hours 57 mins,2000,537.65,4726,10h 45m,269,645
VIJAYAWADA,RANCHI,1283,22 hours 44 mins,3500,902.88,6917,18h 3m,451,1083
VIJAYAWADA,VARANASI,1500,1 day 1 hour,3500,1009.05,6545,20h 10m,505,1211
VIJAYAWADA,SRINAGAR,2774,1 day 22 hours,5000,2039.99,11700,40h 47m,1020,2448
VIJAYAWADA,UDAIPUR,1573,1 day 4 hours,4500,1152.06,7260,23h 2m,576,1382
VIJAYAWADA,NAGPUR,772,12 hours 43 mins,2000,541.37,4748,10h 49m,271,650
VIJAYAWADA,GWALIOR,1510,1 day 2 hours,4500,1109.6,7048,22h 11m,555,1332
VIJAYAWADA,VISAKHAPATNAM,345,6 hours 14 mins,1000,303.09,3925,6h 3m,152,364
VIJAYAWADA,JABALPUR,1050,17 hours 9 mins,3500,745.47,5973,14h 54m,373,895
VIJAYAWADA,RAJKOT,1637,1 day 3 hours,4500,1216.7,7583,24h 20m,608,1460
VIJAYAWADA,SILIGURI,1771,1 day 9 hours,4500,1381.33,8407,27h 37m,691,1658
VIJAYAWADA,TIRUPATI,417,6 hours 47 mins,1000,346.08,4269,6h 55m,173,415
VISAKHAPATNAM,DELHI,1814,1 day 9 hours,4500,1360.88,8304,27h 13m,680,1633
VISAKHAPATNAM,MUMBAI,1337,23 hours 22 mins,3500,1101.88,7009,22h 2m,551,1322
VISAKHAPATNAM,BANGALORE,1003,17 hours 10 mins,3500,798.97,6294,15h 58m,399,959
VISAKHAPATNAM,CHENNAI,798,13 hours 59 mins,2000,601.59,5110,12h 1m,301,722
VISAKHAPATNAM,HYDRABAD,620,11 hours 3 mins,2000,502.81,4517,10h 3m,251,603
VISAKHAPATNAM,KOLKATA,883,16 hours 35 mins,2000,763.84,6083,15h 16m,382,917
VISAKHAPATNAM,AHMEDABAD,1809,1 day 7 hours,4500,1257.92,7790,25h 9m,629,1510
VISAKHAPATNAM,PUNE,1188,20 hours 35 mins,3500,993.67,7462,19h 52m,497,1192
VISAKHAPATNAM,LUCKNOW,1386,1 day 5 hours,3500,1044.95,6725,20h 53m,522,1254
VISAKHAPATNAM,JAIPUR,1710,1 day 9 hours,4500,1278.6,7893,25h 34m,639,1534
VISAKHAPATNAM,KOCHI,1431,1 day 1 hour,3500,1142.82,7214,22h 51m,571,1371
VISAKHAPATNAM,GOA,1275,23 hours 50 mins,3500,1005.17,6526,20h 6m,503,1206
VISAKHAPATNAM,THIRUVANANTHAPURAM,1568,1 day 3 hours,4500,1224.63,7623,24h 29m,612,1470
VISAKHAPATNAM,CHANDIGARH,2063,1 day 14 hours,5000,1589.95,9450,31h 47m,795,1908
VISAKHAPATNAM,BHOPAL,1132,22 hours 58 mins,3500,865.66,6694,17h 18m,433,1039
VISAKHAPATNAM,PATNA,1269,23 hours 22 mins,3500,901.3,6908,18h 1m,451,1082
VISAKHAPATNAM,GUWAHATI,1887,1 day 13 hours,4500,1286.18,7931,25h 43m,643,1543
VISAKHAPATNAM,RAIPUR,598,12 hours 41 mins,2000,429.93,4939,8h 35m,215,516
VISAKHAPATNAM,RANCHI,951,17 hours 32 mins,2000,665.65,5494,13h 18m,333,799
VISAKHAPATNAM,VARANASI,1175,1 day 0 hours,3500,848.88,6593,16h 58m,424,1019
VISAKHAPATNAM,SRINAGAR,2607,2 days 0 hours,5000,2006.35,11532,40h 7m,1003,2408
VISAKHAPATNAM,UDAIPUR,1628,1 day 8 hours,4500,1248.38,7742,24h 58m,624,1498
VISAKHAPATNAM,NAGPUR,789,16 hours 56 mins,2000,579.19,4975,11h 35m,290,695
VISAKHAPATNAM,GWALIOR,1407,1 day 5 hours,3500,1081.16,6906,21h 37m,541,1297
VISAKHAPATNAM,VIJAYAWADA,344,6 hours 13 mins,1000,303.09,3925,6h 3m,152,364
VISAKHAPATNAM,JABALPUR,930,19 hours 54 mins,2000,697.56,5685,13h 57m,349,837
VISAKHAPATNAM,RAJKOT,1979,1 day 9 hours,4500,1394.56,8473,27h 53m,697,1673
VISAKHAPATNAM,SILIGURI,1440,1 day 4 hours,3500,1129.68,7148,22h 35m,565,1356
VISAKHAPATNAM,TIRUPATI,759,12 hours 50 mins,2000,607.45,5145,12h 8m,304,729
JABALPUR,DELHI,934,13 hours 59 mins,2000,664.8,5489,13h 17m,332,798
JABALPUR,MUMBAI,1043,14 hours 42 mins,3500,866.95,6702,17h 20m,433,1040
JABALPUR,BANGALORE,1366,22 hours 15 mins,3500,1163,7315,23h 15m,582,1396
JABALPUR,CHENNAI,1401,23 hours 38 mins,3500,1123.34,7117,22h 28m,562,1348
JABALPUR,HYDRABAD,773,13 hours 22 mins,2000,663.23,5479,13h 15m,332,796
JABALPUR,KOLKATA,1117,20 hours 43 mins,3500,860.81,6665,17h 12m,430,1033
JABALPUR,AHMEDABAD,891,15 hours 23 mins,2000,758.52,6051,15h 10m,379,910
JABALPUR,PUNE,1032,14 hours 55 mins,3500,820.95,6426,16h 25m,410,985
JABALPUR,LUCKNOW,519,10 hours 30 mins,2000,418.86,4851,8h 22m,209,503
JABALPUR,JAIPUR,816,15 hours 26 mins,2000,592.39,5054,11h 50m,296,711
JABALPUR,KOCHI,1907,1 day 9 hours,4500,1525.47,9127,30h 30m,763,1831
JABALPUR,GOA,1384,21 hours 59 mins,3500,1070.57,6853,21h 24m,535,1285
JABALPUR,THIRUVANANTHAPURAM,2096,1 day 11 hours,5000,1661.94,9810,33h 14m,831,1994
JABALPUR,CHANDIGARH,1183,18 hours 17 mins,3500,897.72,6886,17h 57m,449,1077
JABALPUR,BHOPAL,312,5 hours 14 mins,1000,263.15,3605,5h 15m,132,316
JABALPUR,PATNA,686,12 hours 56 mins,2000,586.53,5019,11h 43m,293,704
JABALPUR,GUWAHATI,1582,1 day 7 hours,4500,1231.64,7658,24h 37m,616,1478
JABALPUR,RAIPUR,342,7 hours 21 mins,1000,273.26,3686,5h 27m,137,328
JABALPUR,RANCHI,706,14 hours 42 mins,2000,544.06,4764,10h 52m,272,653
JABALPUR,VARANASI,454,8 hours 11 mins,1000,384.88,4579,7h 41m,192,462
JABALPUR,SRINAGAR,1727,1 day 5 hours,4500,1313.23,8066,26h 15m,657,1576
JABALPUR,UDAIPUR,845,14 hours 47 mins,2000,656.64,5440,13h 7m,328,788
JABALPUR,NAGPUR,272,4 hours 44 mins,1000,244.53,3456,4h 53m,122,293
JABALPUR,GWALIOR,471,9 hours 18 mins,1000,383.68,4569,7h 40m,192,460
JABALPUR,VIJAYAWADA,1046,17 hours 16 mins,3500,745.47,5973,14h 54m,373,895
JABALPUR,VISAKHAPATNAM,934,19 hours 52 mins,2000,697.56,5685,13h 57m,349,837
JABALPUR,RAJKOT,1090,18 hours 40 mins,3500,946.71,7180,18h 56m,473,1136
JABALPUR,SILIGURI,1134,21 hours 22 mins,3500,926.5,7059,18h 31m,463,1112
JABALPUR,TIRUPATI,1361,22 hours 29 mins,3500,1063.89,6819,21h 16m,532,1277
RAJKOT,DELHI,1132,18 hours 51 mins,3500,951.45,7209,19h 1m,476,1142
RAJKOT,MUMBAI,691,12 hours 30 mins,2000,418.84,4851,8h 22m,209,503
RAJKOT,BANGALORE,1731,1 day 5 hours,4500,1262.28,7811,25h 14m,631,1515
RAJKOT,CHENNAI,1993,1 day 10 hours,4500,1433.32,8667,28h 39m,717,1720
RAJKOT,HYDRABAD,1353,23 hours 13 mins,3500,971.85,7331,19h 26m,486,1166
RAJKOT,KOLKATA,2290,1 day 15 hours,5000,1804.14,10521,36h 4m,902,2165
RAJKOT,AHMEDABAD,214,3 hours 51 mins,1000,198.34,3087,3h 58m,99,238
RAJKOT,PUNE,826,15 hours 10 mins,2000,527.51,4665,10h 33m,264,633
RAJKOT,LUCKNOW,1388,23 hours 0 mins,3500,1142.81,7214,22h 51m,571,1371
RAJKOT,JAIPUR,876,14 hours 19 mins,2000,718.56,5811,14h 22m,359,862
RAJKOT,KOCHI,2181,1 day 15 hours,5000,1493.96,8970,29h 52m,747,1793
RAJKOT,GOA,1268,1 day 0 hours,3500,853.64,6622,17h 4m,427,1024
RAJKOT,THIRUVANANTHAPURAM,2456,1 day 18 hours,5000,1666.61,9833,33h 19m,833,2000
RAJKOT,CHANDIGARH,1346,21 hours 48 mins,3500,1109.52,7048,22h 11m,555,1331
RAJKOT,BHOPAL,778,13 hours 43 mins,2000,685.92,5616,13h 43m,343,823
RAJKOT,PATNA,1879,1 day 7 hours,4500,1501.11,9006,30h 1m,751,1801
RAJKOT,GUWAHATI,2768,2 days 1 hour,5000,2162.72,12314,43h 15m,1081,2595
RAJKOT,RAIPUR,1519,1 day 1 hour,4500,1123.88,7119,22h 28m,562,1349
RAJKOT,RANCHI,1796,1 day 9 hours,4500,1490.7,8954,29h 48m,745,1789
RAJKOT,VARANASI,1618,1 day 2 hours,4500,1282.19,7911,25h 38m,641,1539
RAJKOT,SRINAGAR,1669,1 day 6 hours,4500,1366.74,8334,27h 20m,683,1640
RAJKOT,UDAIPUR,474,8 hours 8 mins,1000,390.49,4624,7h 48m,195,469
RAJKOT,NAGPUR,1238,18 hours 58 mins,3500,865.43,6693,17h 18m,433,1039
RAJKOT,GWALIOR,1089,17 hours 29 mins,3500,865.32,6692,17h 18m,433,1038
RAJKOT,VIJAYAWADA,1639,1 day 4 hours,4500,1216.7,7583,24h 20m,608,1460
RAJKOT,VISAKHAPATNAM,1981,1 day 9 hours,4500,1394.56,8473,27h 53m,697,1673
RAJKOT,JABALPUR,1090,18 hours 45 mins,3500,946.71,7180,18h 56m,473,1136
RAJKOT,SILIGURI,2320,1 day 15 hours,5000,1837.22,10686,36h 44m,919,2205
RAJKOT,TIRUPATI,1885,1 day 8 hours,4500,1326.27,8131,26h 31m,663,1592
SILIGURI,DELHI,1488,23 hours 32 mins,3500,1115.7,7078,22h 18m,558,1339
SILIGURI,MUMBAI,2183,1 day 11 hours,5000,1792.41,10462,35h 50m,896,2151
SILIGURI,BANGALORE,2505,1 day 19 hours,5000,1890.97,10955,37h 49m,945,2269
SILIGURI,CHENNAI,2226,1 day 17 hours,5000,1729.6,10148,34h 35m,865,2076
SILIGURI,HYDRABAD,1912,1 day 10 hours,4500,1447.01,8735,28h 56m,724,1736
SILIGURI,KOLKATA,568,12 hours 0 mins,2000,456.85,5155,9h 8m,228,548
SILIGURI,AHMEDABAD,2109,1 day 11 hours,5000,1639.8,9699,32h 47m,820,1968
SILIGURI,PUNE,2171,1 day 11 hours,5000,1738.69,10193,34h 46m,869,2086
SILIGURI,LUCKNOW,950,16 hours 37 mins,2000,733.07,5898,14h 39m,367,880
SILIGURI,JAIPUR,1530,1 day 1 hour,4500,1244.53,7723,24h 53m,622,1493
SILIGURI,KOCHI,2859,2 days 4 hours,5000,2252.58,12763,45h 3m,1126,2703
SILIGURI,GOA,2524,1 day 18 hours,5000,1940.25,11201,38h 48m,970,2328
SILIGURI,THIRUVANANTHAPURAM,2996,2 days 5 hours,5000,2348.97,13245,46h 58m,1174,2819
SILIGURI,CHANDIGARH,1737,1 day 4 hours,4500,1212.33,7562,24h 14m,606,1455
SILIGURI,BHOPAL,1448,1 day 2 hours,3500,1163.71,7319,23h 16m,582,1396
SILIGURI,PATNA,459,9 hours 18 mins,1000,340.68,4225,6h 48m,170,409
SILIGURI,GUWAHATI,466,9 hours 59 mins,1000,344.55,4256,6h 53m,172,413
SILIGURI,RAIPUR,1208,1 day 1 hour,3500,909.5,6957,18h 11m,455,1091
SILIGURI,RANCHI,675,14 hours 27 mins,2000,479.77,5338,9h 35m,240,576
SILIGURI,VARANASI,708,14 hours 3 mins,2000,556.16,4837,11h 7m,278,667
SILIGURI,SRINAGAR,2281,1 day 15 hours,5000,1534.78,9174,30h 41m,767,1842
SILIGURI,UDAIPUR,1855,1 day 7 hours,4500,1482.82,8914,29h 39m,741,1779
SILIGURI,NAGPUR,1411,1 day 1 hour,3500,1122.35,7112,22h 26m,561,1347
SILIGURI,GWALIOR,1293,22 hours 24 mins,3500,1011.12,6556,20h 13m,506,1213
SILIGURI,VIJAYAWADA,1772,1 day 9 hours,4500,1381.33,8407,27h 37m,691,1658
SILIGURI,VISAKHAPATNAM,1443,1 day 4 hours,3500,1129.68,7148,22h 35m,565,1356
SILIGURI,JABALPUR,1140,20 hours 47 mins,3500,926.5,7059,18h 31m,463,1112
SILIGURI,RAJKOT,2304,1 day 15 hours,5000,1837.22,10686,36h 44m,919,2205
SILIGURI,TIRUPATI,2187,1 day 15 hours,5000,1722.16,10111,34h 26m,861,2067
TIRUPATI,DELHI,2287,1 day 12 hours,5000,1681.83,9909,33h 38m,841,2018
TIRUPATI,MUMBAI,1231,20 hours 41 mins,3500,923.86,7043,18h 28m,462,1109
TIRUPATI,BANGALORE,247,4 hours 37 mins,1000,210.53,3184,4h 12m,105,253
TIRUPATI,CHENNAI,138,3 hours 40 mins,500,110.33,2383,2h 12m,55,132
TIRUPATI,HYDRABAD,560,10 hours 3 mins,2000,429.45,4936,8h 35m,215,515
TIRUPATI,KOLKATA,1632,1 day 4 hours,4500,1371.21,8356,27h 25m,686,1645
TIRUPATI,AHMEDABAD,1714,1 day 5 hours,4500,1269.61,7848,25h 23m,635,1524
TIRUPATI,PUNE,1088,18 hours 26 mins,3500,805.48,6333,16h 6m,403,967
TIRUPATI,LUCKNOW,1872,1 day 9 hours,4500,1478.32,8892,29h 33m,739,1774
TIRUPATI,JAIPUR,2005,1 day 11 hours,5000,1524.58,9123,30h 29m,762,1829
TIRUPATI,KOCHI,676,12 hours 27 mins,2000,535.46,4713,10h 42m,268,643
TIRUPATI,GOA,811,13 hours 41 mins,2000,599.6,5098,11h 59m,300,720
TIRUPATI,THIRUVANANTHAPURAM,864,14 hours 51 mins,2000,628.91,5273,12h 34m,314,755
TIRUPATI,CHANDIGARH,2536,1 day 16 hours,5000,1921.04,11105,38h 25m,961,2305
TIRUPATI,BHOPAL,1428,1 day 0 hours,3500,1091.58,6958,21h 49m,546,1310
TIRUPATI,PATNA,2039,1 day 11 hours,5000,1458.46,8792,29h 10m,729,1750
TIRUPATI,GUWAHATI,2636,2 days 1 hour,5000,1893.56,10968,37h 52m,947,2272
TIRUPATI,RAIPUR,1159,21 hours 28 mins,3500,879.37,6776,17h 35m,440,1055
TIRUPATI,RANCHI,1700,1 day 5 hours,4500,1245.64,7728,24h 54m,623,1495
TIRUPATI,VARANASI,1807,1 day 6 hours,4500,1351.86,8259,27h 2m,676,1622
TIRUPATI,SRINAGAR,3080,2 days 3 hours,5000,2321.73,13109,46h 26m,1161,2786
TIRUPATI,UDAIPUR,1819,1 day 8 hours,4500,1357.31,8287,27h 8m,679,1629
TIRUPATI,NAGPUR,1079,18 hours 9 mins,3500,836.59,6520,16h 43m,418,1004
TIRUPATI,GWALIOR,1816,1 day 7 hours,4500,1405.81,8529,28h 6m,703,1687
TIRUPATI,VIJAYAWADA,418,6 hours 45 mins,1000,346.08,4269,6h 55m,173,415
TIRUPATI,VISAKHAPATNAM,763,12 hours 52 mins,2000,607.45,5145,12h 8m,304,729
TIRUPATI,JABALPUR,1356,22 hours 36 mins,3500,1063.89,6819,21h 16m,532,1277
TIRUPATI,RAJKOT,1883,1 day 8 hours,4500,1326.27,8131,26h 31m,663,1592
TIRUPATI,SILIGURI,2189,1 day 16 hours,5000,1722.16,10111,34h 26m,861,2067
